,one,two,three,four,five
Real,1e-06,-0.15,1e-06,1e-06,-0.1
CoxPH,-0.00048407075920986177,-0.15269813634955864,-0.007521666498925161,0.0034484691948433897,-0.11431302886303688
SurvLIME,-0.054012346168002975,-0.07776056423681606,-0.017251329209614467,-0.04522134291781313,-0.10548280549846131
