,one,two,three,four,five
Real,1e-06,0.1,-0.15,1e-06,1e-06
CoxPH,0.0008616885724931908,0.09489804395433057,-0.15864055775436026,0.0030241906309629958,-0.01595937459868472
SurvLIME,0.010095098112237435,0.08510462309800139,-0.14466795045805642,-0.003118964989557057,-0.020007025822028325
